{
  "Guru Nanak Dev University, Amritsar": {
    "hackathonName": "Code Wars Season 2- The Tech Summit'24",
    "mode": "In-person",
    "teamSize": "Individual Participation",
    "numberOfRegistrations": "1 registered"
  },
  "NIT Agartala": {
    "hackathonName": "HackNITA",
    "mode": "",
    "teamSize": "Team: 1 - 3",
    "numberOfRegistrations": "23 registered"
  },
  "MIET, Meerut": {
    "hackathonName": "MLSA MIET DevGathering Hackathon 2024",
    "mode": "Hybrid",
    "teamSize": "Team: 3 - 4",
    "numberOfRegistrations": "6 registered"
  },
  "Bennett University (Times of India Group)": {
    "hackathonName": "INDUSTRY HACKATHON",
    "mode": "Online",
    "teamSize": "Team: 2 - 5",
    "numberOfRegistrations": "404 registered"
  },
  "NIST Institute of Science and Technology (Autonomous)": {
    "hackathonName": "NIST Innovation Challenge",
    "mode": "Online",
    "teamSize": "Team: 1 - 3",
    "numberOfRegistrations": "66 registered"
  },
  "Chandigarh University": {
    "hackathonName": "E-Suraksha",
    "mode": "Online",
    "teamSize": "Team: 3 - 5",
    "numberOfRegistrations": "35 registered"
  },
  "Respirer Living Sciences": {
    "hackathonName": "Respirer Air Quality Hackathon",
    "mode": "Hybrid",
    "teamSize": "Team: 1 - 2",
    "numberOfRegistrations": "169 registered"
  },
  "TelioEV": {
    "hackathonName": "\u0936\u0942\u0928\u094d\u092f - The Sustainability Challenge",
    "mode": "Online",
    "teamSize": "Team: 1 - 2",
    "numberOfRegistrations": "352 registered"
  },
  "Bennett University (Times of India Group)2": {
    "hackathonName": "Smart BU Hackathon",
    "mode": "Online",
    "teamSize": "Team: 1 - 4",
    "numberOfRegistrations": "268 registered"
  },
  "IIT Guwahati": {
    "hackathonName": "Cascade Cup : ML Hackathon",
    "mode": "Hybrid",
    "teamSize": "Team: 1 - 4",
    "numberOfRegistrations": "266 registered"
  },
  "IIT Guwahati2": {
    "hackathonName": "DecentralX : The Web3 Hackathon",
    "mode": "Hybrid",
    "teamSize": "Team: 1 - 4",
    "numberOfRegistrations": "299 registered"
  },
  "IIT Guwahati3": {
    "hackathonName": "Innovaci\u00f3n Unviel : Case Study",
    "mode": "Online",
    "teamSize": "Team: 1 - 4",
    "numberOfRegistrations": "489 registered"
  },
  "J. C. Bose Univeristy of Science and Technology": {
    "hackathonName": "Business Plan Competition",
    "mode": "Hybrid",
    "teamSize": "Team: 2 - 3",
    "numberOfRegistrations": "32 registered"
  },
  "IIMT College of Engineering": {
    "hackathonName": "Mind Installers Hackathon 2023",
    "mode": "Hybrid",
    "teamSize": "Team: 2 - 4",
    "numberOfRegistrations": "124 registered"
  },
  "J. C. Bose Univeristy of Science and Technology2": {
    "hackathonName": "J.C. Bose UST Ideathon - 2023",
    "mode": "In-Person",
    "teamSize": "Team: 1 - 4",
    "numberOfRegistrations": "30 registered"
  },
  "Government of West Bengal": {
    "hackathonName": "The Anonymiser Hackathon",
    "mode": "Online",
    "teamSize": "Team: 1 - 4",
    "numberOfRegistrations": "642 registered"
  },
  "Electric One": {
    "hackathonName": "Green India Hackathon North Region",
    "mode": "In-person",
    "teamSize": "Team: 1 - 4",
    "numberOfRegistrations": "375 registered"
  }
}